{
	"info": {
		"_postman_id": "a4a4ea86-3f74-4740-93f5-31b76e498d31",
		"name": "Prueba",
		"schema": "https://schema.getpostman.com/json/collection/v2.1.0/collection.json",
		"_exporter_id": "39576282"
	},
	"item": [
		{
			"name": "Parametro",
			"item": [
				{
					"name": "getDepartamento",
					"request": {
						"method": "GET",
						"header": [],
						"url": {
							"raw": "http://localhost:8082/api/v1/departamento?nombre=pas",
							"protocol": "http",
							"host": [
								"localhost"
							],
							"port": "8082",
							"path": [
								"api",
								"v1",
								"departamento"
							],
							"query": [
								{
									"key": "nombre",
									"value": "pas"
								}
							]
						}
					},
					"response": []
				},
				{
					"name": "param/    depar",
					"request": {
						"auth": {
							"type": "basic",
							"basic": [
								{
									"key": "password",
									"value": "123456",
									"type": "string"
								},
								{
									"key": "username",
									"value": "jrojas",
									"type": "string"
								}
							]
						},
						"method": "GET",
						"header": [],
						"url": {
							"raw": "http://localhost:8082/api/v1/parametros/departamentos?nombre=a",
							"protocol": "http",
							"host": [
								"localhost"
							],
							"port": "8082",
							"path": [
								"api",
								"v1",
								"parametros",
								"departamentos"
							],
							"query": [
								{
									"key": "nombre",
									"value": "a"
								}
							]
						}
					},
					"response": []
				},
				{
					"name": "param/    depar pro",
					"request": {
						"auth": {
							"type": "basic",
							"basic": [
								{
									"key": "password",
									"value": "123456",
									"type": "string"
								},
								{
									"key": "username",
									"value": "jrojas",
									"type": "string"
								}
							]
						},
						"method": "GET",
						"header": [],
						"url": {
							"raw": "http://localhost:8082/api/v1/parametros/departamentos/19/provincias?nombre=a",
							"protocol": "http",
							"host": [
								"localhost"
							],
							"port": "8082",
							"path": [
								"api",
								"v1",
								"parametros",
								"departamentos",
								"19",
								"provincias"
							],
							"query": [
								{
									"key": "nombre",
									"value": "a"
								}
							]
						}
					},
					"response": []
				},
				{
					"name": "param/    depar pro dis",
					"request": {
						"auth": {
							"type": "basic",
							"basic": [
								{
									"key": "password",
									"value": "123456",
									"type": "string"
								},
								{
									"key": "username",
									"value": "jrojas",
									"type": "string"
								}
							]
						},
						"method": "GET",
						"header": [],
						"url": {
							"raw": "http://localhost:8082/api/v1/parametros/provincias/1901/distritos?nombre=a",
							"protocol": "http",
							"host": [
								"localhost"
							],
							"port": "8082",
							"path": [
								"api",
								"v1",
								"parametros",
								"provincias",
								"1901",
								"distritos"
							],
							"query": [
								{
									"key": "nombre",
									"value": "a"
								}
							]
						}
					},
					"response": []
				},
				{
					"name": "getDepartamento Param Copy",
					"request": {
						"method": "GET",
						"header": [],
						"url": {
							"raw": "http://localhost:8082/api/v1/parametros/19/provincia?nombre=a",
							"protocol": "http",
							"host": [
								"localhost"
							],
							"port": "8082",
							"path": [
								"api",
								"v1",
								"parametros",
								"19",
								"provincia"
							],
							"query": [
								{
									"key": "nombre",
									"value": "a"
								}
							]
						}
					},
					"response": []
				},
				{
					"name": "getDistrito Param",
					"request": {
						"method": "GET",
						"header": [
							{
								"key": "nombre",
								"value": "a",
								"type": "text",
								"disabled": true
							}
						],
						"url": {
							"raw": "http://localhost:8082/api/v1/distrito/2108?nombre=a",
							"protocol": "http",
							"host": [
								"localhost"
							],
							"port": "8082",
							"path": [
								"api",
								"v1",
								"distrito",
								"2108"
							],
							"query": [
								{
									"key": "nombre",
									"value": "a"
								}
							]
						}
					},
					"response": []
				},
				{
					"name": "getDistrito",
					"request": {
						"method": "GET",
						"header": [
							{
								"key": "nombre",
								"value": "a",
								"type": "text",
								"disabled": true
							}
						],
						"url": {
							"raw": "http://localhost:8082/api/v1/provincia/19",
							"protocol": "http",
							"host": [
								"localhost"
							],
							"port": "8082",
							"path": [
								"api",
								"v1",
								"provincia",
								"19"
							]
						}
					},
					"response": []
				},
				{
					"name": "getProvincia Param",
					"request": {
						"method": "GET",
						"header": [
							{
								"key": "nombre",
								"value": "a",
								"type": "text",
								"disabled": true
							}
						],
						"url": {
							"raw": "http://localhost:8081/api/v1/parametros/getProvincias/21?nombre=",
							"protocol": "http",
							"host": [
								"localhost"
							],
							"port": "8081",
							"path": [
								"api",
								"v1",
								"parametros",
								"getProvincias",
								"21"
							],
							"query": [
								{
									"key": "nombre",
									"value": ""
								}
							]
						}
					},
					"response": []
				},
				{
					"name": "getProvincia",
					"request": {
						"method": "GET",
						"header": [
							{
								"key": "nombre",
								"value": "a",
								"type": "text",
								"disabled": true
							}
						],
						"url": {
							"raw": "http://localhost:8082/api/v1/provincia/19?nombre=",
							"protocol": "http",
							"host": [
								"localhost"
							],
							"port": "8082",
							"path": [
								"api",
								"v1",
								"provincia",
								"19"
							],
							"query": [
								{
									"key": "nombre",
									"value": ""
								}
							]
						}
					},
					"response": []
				}
			]
		},
		{
			"name": "EscuelaConductor",
			"item": [
				{
					"name": "getAll",
					"request": {
						"auth": {
							"type": "basic",
							"basic": [
								{
									"key": "password",
									"value": "123456",
									"type": "string"
								},
								{
									"key": "username",
									"value": "jrojas",
									"type": "string"
								}
							]
						},
						"method": "GET",
						"header": [],
						"url": {
							"raw": "http://localhost:8082/api/v1/escuelaConductor/getAll",
							"protocol": "http",
							"host": [
								"localhost"
							],
							"port": "8082",
							"path": [
								"api",
								"v1",
								"escuelaConductor",
								"getAll"
							]
						}
					},
					"response": []
				},
				{
					"name": "getById",
					"request": {
						"auth": {
							"type": "basic",
							"basic": [
								{
									"key": "password",
									"value": "123456",
									"type": "string"
								},
								{
									"key": "username",
									"value": "jrojas",
									"type": "string"
								}
							]
						},
						"method": "GET",
						"header": [],
						"url": {
							"raw": "http://localhost:8082/api/v1/escuelaConductor/41",
							"protocol": "http",
							"host": [
								"localhost"
							],
							"port": "8082",
							"path": [
								"api",
								"v1",
								"escuelaConductor",
								"41"
							]
						}
					},
					"response": []
				},
				{
					"name": "getByNombreEscuela",
					"request": {
						"auth": {
							"type": "basic",
							"basic": [
								{
									"key": "password",
									"value": "123456",
									"type": "string"
								},
								{
									"key": "username",
									"value": "jrojas",
									"type": "string"
								}
							]
						},
						"method": "GET",
						"header": [],
						"url": {
							"raw": "http://localhost:8082/api/v1/escuelaConductor/buscar?nombre=azz",
							"protocol": "http",
							"host": [
								"localhost"
							],
							"port": "8082",
							"path": [
								"api",
								"v1",
								"escuelaConductor",
								"buscar"
							],
							"query": [
								{
									"key": "nombre",
									"value": "azz"
								}
							]
						}
					},
					"response": []
				},
				{
					"name": "getByUbigeo",
					"request": {
						"auth": {
							"type": "basic",
							"basic": [
								{
									"key": "password",
									"value": "123456",
									"type": "string"
								},
								{
									"key": "username",
									"value": "jrojas",
									"type": "string"
								}
							]
						},
						"method": "GET",
						"header": [],
						"url": {
							"raw": "http://localhost:8082/api/v1/escuelaConductor/buscar-ubigeo?nombre=zonaa",
							"protocol": "http",
							"host": [
								"localhost"
							],
							"port": "8082",
							"path": [
								"api",
								"v1",
								"escuelaConductor",
								"buscar-ubigeo"
							],
							"query": [
								{
									"key": "nombre",
									"value": "zonaa"
								}
							]
						}
					},
					"response": []
				},
				{
					"name": "Insert",
					"request": {
						"auth": {
							"type": "basic",
							"basic": [
								{
									"key": "password",
									"value": "123456",
									"type": "string"
								},
								{
									"key": "username",
									"value": "jrojas",
									"type": "string"
								}
							]
						},
						"method": "POST",
						"header": [],
						"body": {
							"mode": "raw",
							"raw": "    {\r\n        \"id\":0,\r\n        \"nombreEscuela\": \"Segunda Jersey\",\r\n        \"direccion\": \"av. Las americas N 1235\",\r\n        \"correo\": \"abc@gmail.com\",\r\n        \"telefono\": \"981212121\",\r\n        \"estado\": \"Activo\",\r\n        \"codigoDistrito\": \"220602\",\r\n        \"codigoProvincia\": \"2206\",\r\n        \"codigoDepartamento\": \"22\",\r\n        \"nroRUC\": \"20000000007\"\r\n    }",
							"options": {
								"raw": {
									"language": "json"
								}
							}
						},
						"url": {
							"raw": "http://localhost:8082/api/v1/escuelaConductor",
							"protocol": "http",
							"host": [
								"localhost"
							],
							"port": "8082",
							"path": [
								"api",
								"v1",
								"escuelaConductor"
							]
						}
					},
					"response": []
				},
				{
					"name": "Put",
					"request": {
						"auth": {
							"type": "basic",
							"basic": [
								{
									"key": "password",
									"value": "123456",
									"type": "string"
								},
								{
									"key": "username",
									"value": "jrojas",
									"type": "string"
								}
							]
						},
						"method": "PUT",
						"header": [],
						"body": {
							"mode": "raw",
							"raw": "    {\r\n        \"id\":1,\r\n        \"nombreEscuela\": \"Segunda Jersey\",\r\n        \"direccion\": \"av. Las americas N 1235\",\r\n        \"correo\": \"abc@gmail.com\",\r\n        \"telefono\": \"981212121\",\r\n        \"estado\": \"Activo\",\r\n        \"codigoDistrito\": \"220602\",\r\n        \"codigoProvincia\": \"2206\",\r\n        \"codigoDepartamento\": \"22\",\r\n        \"nroRUC\": \"20000000007\"\r\n    }",
							"options": {
								"raw": {
									"language": "json"
								}
							}
						},
						"url": {
							"raw": "http://localhost:8082/api/v1/escuelaConductor/1",
							"protocol": "http",
							"host": [
								"localhost"
							],
							"port": "8082",
							"path": [
								"api",
								"v1",
								"escuelaConductor",
								"1"
							]
						}
					},
					"response": []
				},
				{
					"name": "Path",
					"request": {
						"method": "PATCH",
						"header": [],
						"body": {
							"mode": "raw",
							"raw": "    {\r\n        \"nombre_Establecimiento\": \"Segunda Escuela Test\",\r\n        \"direccion\": \"av. Las americas N 1235\",\r\n        \"correo\": \"abc@gmail.com\",\r\n        \"telefono\": \"981212121\",\r\n        \"estado\": \"Activo\",\r\n        \"cod_DIS\": \"220602\",\r\n        \"cod_PRO\": \"2206\",\r\n        \"cod_DEP\": \"22\",\r\n        \"nro_RUC\": \"20000000007\"\r\n    }",
							"options": {
								"raw": {
									"language": "json"
								}
							}
						},
						"url": {
							"raw": "http://localhost:8081/api/v1/escuelaConductor",
							"protocol": "http",
							"host": [
								"localhost"
							],
							"port": "8081",
							"path": [
								"api",
								"v1",
								"escuelaConductor"
							]
						}
					},
					"response": []
				},
				{
					"name": "DELETE",
					"request": {
						"method": "DELETE",
						"header": [],
						"url": {
							"raw": "http://localhost:8081/api/v1/escuelaConductor/23",
							"protocol": "http",
							"host": [
								"localhost"
							],
							"port": "8081",
							"path": [
								"api",
								"v1",
								"escuelaConductor",
								"23"
							]
						}
					},
					"response": []
				}
			]
		}
	]
}